<?xml version="1.0" encoding="UTF-8"?>
<!DOCTYPE mapper 
PUBLIC "-//mybatis.org//DTD Mapper 3.0//EN" 
"http://mybatis.org/dtd/mybatis-3-mapper.dtd" >

<mapper namespace="com.koreait.study.dao.member">

	<!-- 아이디 중복체크 -->
	<select id="idCheck" resultType="int">
		SELECT COUNT(ID)
		  FROM MEMBER
		 WHERE ID = #{id}
	</select>
	
	<!-- 회원가입 -->
	<insert id="join">
		INSERT INTO MEMBER
		VALUES (MEMBER_SEQ.NEXTVAL, #{id}, #{pw}, #{name}, #{phone}, #{email}, #{address}, SYSDATE, 0)
	</insert>
	
	<!-- 로그인 -->
	<select id="login" resultType="com.koreait.study.dto.Member">
		SELECT NO, ID, PW, NAME, PHONE, EMAIL, ADDRESS, POSTDATE
		  FROM MEMBER
		 WHERE ID = #{id}
		   AND PW = #{pw}
		   AND STATE = 0 
	</select>
	
	<!-- 아이디 찾기 -->
	<select id="findId" resultType="com.koreait.study.dto.Member">
		SELECT ID
		  FROM MEMBER
		<if test=" tap == 'findId_name_phone' ">
			WHERE NAME = #{name}
			  AND PHONE = #{phone}
			  AND STATE = 0
		</if>
		<if test=" tap == 'findId_email' ">
			WHERE EMAIL = #{email}
			  AND STATE = 0
		</if>
	</select>
	
	<!-- 비밀번호 찾기 -->
	<select id="findPw" resultType="com.koreait.study.dto.Member">
		SELECT PW
		  FROM MEMBER
		 WHERE ID = #{id}
		   AND EMAIL = #{email}
	</select>
	
	<!-- 회원 탈퇴 -->
	<update id="deleteMember">
		UPDATE MEMBER
		   SET STATE = -1
		 WHERE NO = #{no} 
	</update>

</mapper>